Start,Origin time,End,Quality,dV,V_ICME,V_max,B,Dst_min,Vtransit,LASSO CME
1996-05-27 15:00:00,1996/05/27 1500,1996-05-29 03:00:00,2,0,370.0,400.0,9.0,-33,,
1996-07-01 18:00:00,1996/07/01 1320,1996-07-02 11:00:00,3,40,360.0,370.0,11.0,-20,,
1996-08-07 12:00:00,1996/08/07 0600,1996-08-08 10:00:00,2,10,350.0,380.0,7.0,-23,,
1996-12-23 17:00:00,1996/12/23 1600,1996-12-25 11:00:00,2,20,360.0,420.0,10.0,-18,435,1996/12/19 1630 H
1997-01-10 04:00:00,1997/01/10 0104,1997-01-11 02:00:00,1,100 S,450.0,460.0,14.0,-78,507,1997/01/06 1510 H
1997-02-10 02:00:00,1997/02/09 1321,1997-02-10 19:00:00,2,90 S,450.0,600.0,8.0,-68,683,1997/02/07 0030 H
1997-04-11 06:00:00,1997/04/10 1745,1997-04-11 19:00:00,1,150,460.0,470.0,20.0,-82,552,1997/04/07 1427 H
1997-04-21 10:00:00,1997/04/21 0600,1997-04-23 04:00:00,2,40,360.0,420.0,12.0,-107,,
1997-05-15 09:00:00,1997/05/15 0159,1997-05-16 00:00:00,1,150 S,450.0,480.0,21.0,-115,616,1997/05/12 0530 H
1997-05-26 16:00:00,1997/05/26 0957,1997-05-27 10:00:00,2,70 S,340.0,350.0,10.0,-74,381,1997/05/21 2100
1997-06-08 18:00:00,1997/06/08 1636,1997-06-10 00:00:00,3,30,380.0,400.0,12.0,-84,,
1997-06-19 07:00:00,1997/06/19 0032,1997-06-20 23:00:00,2,60,360.0,390.0,8.0,-36,,
1997-07-15 08:00:00,1997/07/15 0311,1997-07-16 11:00:00,2,80,350.0,360.0,10.0,-45,,
1997-08-03 13:00:00,1997/08/03 1042,1997-08-04 03:00:00,1,80,400.0,480.0,16.0,-48,410,1997/07/30 0445 H
1997-08-17 06:00:00,1997/08/17 0200,1997-08-17 20:00:00,2W,60,390.0,410.0,7.0,-28,,
1997-09-03 13:00:00,1997/09/03 0800,1997-09-03 21:00:00,3W,40 S,410.0,430.0,14.0,-98,405,1997/08/30 0130 H
1997-09-21 21:00:00,1997/09/21 1651,1997-09-22 16:00:00,1,110,440.0,470.0,16.0,-36,450,1997/09/17 2028 H
1997-10-01 16:00:00,1997/10/01 0059,1997-10-02 23:00:00,1,60 S,450.0,470.0,10.0,-98,580,1997/09/28 0108 H
1997-10-10 11:00:00,1997/10/10 0300,1997-10-10 22:00:00,2,30,430.0,460.0,8.0,-64,,
1997-10-10 22:00:00,1997/10/10 1612,1997-10-12 00:00:00,1,40 S,400.0,450.0,12.0,-130,430,1997/10/06 1528
1997-10-27 00:00:00,1997/10/26 1200,1997-10-28 07:00:00,2,40,500.0,520.0,7.0,-60,572,1997/10/23 1126 H
1997-11-07 04:00:00,1997/11/06 2248,1997-11-09 12:00:00,2,140 S,400.0,460.0,11.0,-110,640,1997/11/04 0610 H
1997-11-22 19:00:00,1997/11/22 0949,1997-11-23 14:00:00,1,170 S,510.0,520.0,17.0,-108,640,dg (1997/11/19 1700)
1997-11-24 00:00:00,1997/11/23 1900,1997-11-25 00:00:00,2,100,530.0,590.0,5.0,-47,,
1997-12-10 18:00:00,1997/12/10 0526,1997-12-12 00:00:00,2,50 S,350.0,380.0,12.0,-60,460,1997/12/06 1027
1997-12-30 10:00:00,1997/12/30 0209,1997-12-31 11:00:00,3,50 S,370.0,410.0,12.0,-77,430,1997/12/26 0231
1998-01-07 01:00:00,1998/01/06 1416,1998-01-08 22:00:00,2,80 S,400.0,410.0,16.0,-77,480,1998/01/02 2328 H
1998-01-09 07:00:00,1998/01/09 0700,1998-01-10 08:00:00,2,0,450.0,500.0,6.0,-28,,
1998-01-20 17:00:00,1998/01/20 0000,1998-01-21 04:00:00,3W,50,430.0,450.0,5.0,-29,,
1998-01-21 06:00:00,1998/01/21 0400,1998-01-22 13:00:00,3W,0,380.0,400.0,13.0,-11,430,1998/01/17 0409 H
1998-01-29 20:00:00,1998/01/28 1600(A),1998-01-31 01:00:00,2,30 S,380.0,410.0,7.0,-55,557,1998/01/25 1526 H
1998-02-04 04:00:00,1998/02/04 0000,1998-02-05 23:00:00,1,50,320.0,390.0,11.0,-34,,
1998-02-17 10:00:00,1998/02/17 0400,1998-02-17 21:00:00,2W,30,400.0,420.0,12.0,-100,602,1998/02/14 0655
1998-02-19 01:00:00,1998/02/18 0750(A),1998-02-20 00:00:00,2,20 S,440.0,460.0,9.0,-51,,
1998-03-04 13:00:00,1998/03/04 1156,1998-03-06 09:00:00,1,30 S,350.0,380.0,12.0,-36,440,1998/02/28 1248
1998-03-25 13:00:00,1998/03/25 1000,1998-03-26 10:00:00,1,20,400.0,400.0,10.0,-56,,
1998-03-31 11:00:00,1998/03/30 2200,1998-04-03 02:00:00,1,30,360.0,430.0,7.0,-35,,
1998-04-11 23:00:00,1998/04/11 2300,1998-04-13 18:00:00,3W,20,390.0,390.0,8.0,-46,,
1998-05-02 05:00:00,1998/05/01 2156,1998-05-04 02:00:00,1,150 S,520.0,650.0,11.0,-85,780,1998/04/29 1658 H
1998-05-04 10:00:00,1998/05/04 0215(A),1998-05-07 23:00:00,2,250 Wv,550.0,830.0,10.0,-205,1150,1998/05/02 1406 H(p)
1998-06-02 10:00:00,1998/06/02 0800,1998-06-02 18:00:00,2,10,390.0,400.0,9.0,-1,,
1998-06-14 04:00:00,1998/06/13 1925,1998-06-15 06:00:00,3,80 S,340.0,380.0,10.0,-55,,
1998-06-24 16:00:00,1998/06/24 1000,1998-06-25 23:00:00,2,80,450.0,540.0,12.0,-25,,1998/06/21 0535?
1998-06-26 04:00:00,1998/06/25 1636,1998-06-26 19:00:00,2,30 S,470.0,490.0,11.0,-101,,
1998-07-06 06:00:00,1998/07/05 0315(A),1998-07-09 07:00:00,1,50 S,450.0,630.0,5.0,-30,dg,dg
1998-07-11 00:00:00,1998/07/10 2300,1998-07-13 15:00:00,3W,20,400.0,430.0,10.0,-35,dg,dg
1998-08-01 04:00:00,1998/08/01 0400,1998-08-03 10:00:00,3,30,410.0,450.0,7.0,-6,dg,dg
1998-08-05 13:00:00,1998/08/05 1300,1998-08-06 12:00:00,2W,0,360.0,390.0,8.0,-138,dg,dg
1998-08-07 23:00:00,1998/08/07 1100,1998-08-09 23:00:00,2,0,450.0,500.0,7.0,-62,dg,dg
1998-08-10 11:00:00,1998/08/10 0046,1998-08-10 22:00:00,3W,100 S,450.0,500.0,7.0,-27,dg,dg
1998-08-12 01:00:00,1998/08/11 2300,1998-08-13 14:00:00,3W,20,370.0,420.0,8.0,-19,dg,dg
1998-08-20 06:00:00,1998/08/19 1847,1998-08-21 20:00:00,1,50 S,320.0,340.0,13.0,-67,dg,dg
1998-08-26 22:00:00,1998/08/26 0651,1998-08-28 00:00:00,2,200 S,650.0,860.0,14.0,-155,1260,dg (1998/08/24 2200)
1998-09-23 04:00:00,1998/09/23 0200,1998-09-23 18:00:00,2,80,420.0,490.0,7.0,-33,dg,dg
1998-09-25 06:00:00,1998/09/24 2345,1998-09-26 16:00:00,1,300 S,640.0,820.0,13.0,-207,1020,dg (1998/09/23 0700)
1998-10-19 04:00:00,1998/10/18 1952,1998-10-20 07:00:00,1,50 S,390.0,430.0,18.0,-112,510,1998/10/15 1004 H
1998-10-23 15:00:00,1998/10/23 1230(A),1998-10-24 16:00:00,3,50 S,520.0,600.0,7.0,-52,,
1998-11-07 22:00:00,1998/11/07 0815,1998-11-09 01:00:00,2,130 S,450.0,530.0,15.0,-81,570,1998/11/04 0754 H
1998-11-09 01:00:00,1998/11/08 0451,1998-11-11 01:00:00,2,200 S,450.0,640.0,12.0,-149,740,1998/11/05 2044 H
1998-11-13 02:00:00,1998/11/13 0143,1998-11-14 12:00:00,3,50,390.0,400.0,17.0,-131,520,1998/11/09 1818
1998-11-30 21:00:00,1998/11/30 0507,1998-12-01 04:00:00,2,100 S,470.0,480.0,9.0,-15,,
1998-12-29 18:00:00,1998/12/28 1826,1998-12-31 02:00:00,2,30 S,400.0,410.0,8.0,-58,dg,dg
1999-01-04 04:00:00,1999/01/04 0000,1999-01-04 22:00:00,3W,20,350.0,360.0,8.0,-29,dg,dg
1999-01-13 15:00:00,1999/01/13 1054,1999-01-13 23:00:00,2,70 S,420.0,430.0,18.0,-112,dg,dg
1999-01-23 09:00:00,1999/01/22 1950(A),1999-01-23 18:00:00,3,120 S,570.0,660.0,12.0,-52,dg,dg
1999-02-13 19:00:00,1999/02/13 1900,1999-02-14 15:00:00,3W,20,440.0,470.0,9.0,-17,,
1999-02-16 15:00:00,1999/02/16 1500,1999-02-17 11:00:00,3,0,460.0,470.0,6.0,-7,,
1999-02-17 16:00:00,1999/02/17 0709,1999-02-18 10:00:00,3,30 S,410.0,490.0,8.0,-34,,
1999-02-18 10:00:00,1999/02/18 0246,1999-02-20 17:00:00,2,250 S,540.0,680.0,9.0,-123,870,dg (1999/02/16 0312)
1999-03-10 17:00:00,1999/03/10 0130,1999-03-12 02:00:00,2,30 S,410.0,460.0,7.0,-81,,
1999-03-19 11:00:00,1999/03/19 1000,1999-03-20 12:00:00,3W,10,340.0,380.0,5.0,-30,,
1999-04-16 18:00:00,1999/04/16 1125,1999-04-17 19:00:00,1,50 S,410.0,460.0,18.0,-91,520,1999/04/13 0330 H
1999-04-21 04:00:00,1999/04/20 1600,1999-04-22 14:00:00,1,120,490.0,620.0,8.0,-29,,1999/04/18 0830?
1999-05-15 16:00:00,1999/05/15 1600,1999-05-18 00:00:00,3,0,390.0,400.0,5.0,-13,,
1999-06-02 23:00:00,1999/06/02 2000,1999-06-03 22:00:00,3,40,430.0,470.0,9.0,-6,,
1999-06-27 22:00:00,1999/06/26 2016,1999-06-29 04:00:00,3,100 S,670.0,860.0,7.0,-41,760,1999/06/24 1331 H
1999-07-03 05:00:00,1999/07/02 0059,1999-07-06 06:00:00,2,100 S,440.0,680.0,4.0,-26,,
1999-07-06 21:00:00,1999/07/06 1509,1999-07-07 02:00:00,2,50 S,460.0,500.0,10.0,-4,620,1999/07/03 1954
1999-07-07 07:00:00,1999/07/07 0600,1999-07-08 04:00:00,3,70,450.0,480.0,4.0,-1,,
1999-07-27 17:00:00,1999/07/26 2333(A),1999-07-29 12:00:00,3,30 S,390.0,460.0,6.0,-38,560,1999/07/23 2130
1999-07-30 20:00:00,1999/07/30 1600,1999-07-31 08:00:00,3,90,620.0,660.0,9.0,-52,710,1999/07/28 0530? H
1999-07-31 19:00:00,1999/07/31 1837,1999-08-02 06:00:00,3,100,480.0,650.0,5.0,-39,510,1999/07/28 0906 H
1999-08-02 15:00:00,1999/08/02 1100,1999-08-03 15:00:00,3,20,370.0,440.0,4.0,-16,,
1999-08-08 20:00:00,1999/08/08 1841,1999-08-10 17:00:00,2,20 S,360.0,410.0,9.0,-47,,
1999-08-12 03:00:00,1999/08/11 2300,1999-08-14 00:00:00,3,40,380.0,420.0,6.0,-13,615,1999/08/09 0326
1999-08-20 23:00:00,1999/08/20 2300,1999-08-23 11:00:00,2,0,460.0,570.0,7.0,-66,510,1999/08/17 1331
1999-09-21 12:00:00,1999/09/21 1200,1999-09-22 12:00:00,3,0,360.0,380.0,9.0,-41,,
1999-09-22 19:00:00,1999/09/22 1222,1999-09-24 03:00:00,1,120 S,530.0,600.0,11.0,-173,770,1999/09/20 0606 H
1999-10-21 08:00:00,1999/10/21 0225,1999-10-22 07:00:00,2,30 S,480.0,550.0,20.0,-237,561,1999/10/18 0006 H
1999-11-12 10:00:00,1999/11/11 1900,1999-11-13 18:00:00,2,50,450.0,680.0,5.0,-69,dg,dg
1999-11-13 20:00:00,1999/11/13 1200,1999-11-15 00:00:00,3W,50 S,440.0,480.0,7.0,-106,dg,dg
1999-11-22 00:00:00,1999/11/22 0000,1999-11-24 03:00:00,3,40,450.0,490.0,9.0,-41,dg,dg
1999-12-12 19:00:00,1999/12/12 1551,1999-12-13 16:00:00,2,300 S,520.0,700.0,12.0,-85,dg,dg
1999-12-14 04:00:00,1999/12/13 2300,1999-12-14 20:00:00,2,20,440.0,480.0,12.0,-33,dg,dg
1999-12-27 11:00:00,1999/12/26 2130(A),1999-12-28 04:00:00,3,50 S,430.0,450.0,8.0,-8,,
2000-01-22 17:00:00,2000/01/22 0023(A),2000-01-23 02:00:00,2,30 S,380.0,400.0,16.0,-97,530,2000/01/18 1754 H
2000-02-11 16:00:00,2000/02/11 0258,2000-02-11 20:00:00,1,60 S,420.0,510.0,7.0,-25,630,2000/02/08 0930 H
2000-02-12 12:00:00,2000/02/11 2352,2000-02-13 00:00:00,2,180 S,540.0,590.0,13.0,-133,915,2000/02/10 0230 H
2000-02-14 12:00:00,2000/02/14 0731,2000-02-16 08:00:00,3,100 S,520.0,680.0,5.0,-67,815,2000/02/12 0431 H
2000-02-21 05:00:00,2000/02/20 2139,2000-02-22 12:00:00,2,120 S,380.0,460.0,15.0,-26,560,2000/02/17 2006 H
2000-03-01 03:00:00,2000/03/01 0130,2000-03-02 03:00:00,1,20,480.0,530.0,8.0,-43,,
2000-03-19 02:00:00,2000/03/18 2200,2000-03-19 12:00:00,2,20,380.0,390.0,9.0,-3,,
2000-03-29 19:00:00,2000/03/29 1100,2000-04-01 00:00:00,2,280,420.0,590.0,7.0,-60,,
2000-04-07 06:00:00,2000/04/06 1639,2000-04-08 06:00:00,2,220 S,560.0,620.0,6.0,-288,860,2000/04/04 1632 H
2000-04-18 20:00:00,2000/04/18 2000,2000-04-19 14:00:00,3,30,460.0,470.0,10.0,-14,510,2000/04/15 1035?
2000-04-24 04:00:00,2000/04/24 0400,2000-04-24 13:00:00,3W,60,500.0,520.0,13.0,-61,,
2000-05-02 20:00:00,2000/05/02 1045(A),2000-05-05 10:00:00,3,150 S,500.0,860.0,6.0,-37,530,2000/04/29 0430?
2000-05-07 00:00:00,2000/05/07 0000,2000-05-08 00:00:00,3W,10,400.0,420.0,8.0,-10,,
2000-05-13 17:00:00,2000/05/13 1700,2000-05-14 18:00:00,2,100,500.0,600.0,8.0,-2,603,2000/05/10 2006
2000-05-15 19:00:00,2000/05/15 1900,2000-05-16 14:00:00,3,20,430.0,450.0,8.0,-32,,
2000-05-16 23:00:00,2000/05/16 2300,2000-05-17 07:00:00,2,130,550.0,580.0,9.0,-92,500,2000/05/13 1226
2000-05-23 09:00:00,2000/05/22 1700,2000-05-23 21:00:00,2,70,570.0,610.0,8.0,-10,830,2000/05/20 1450
2000-05-24 12:00:00,2000/05/23 2342(W),2000-05-27 10:00:00,2,50 S,530.0,690.0,5.0,-147,650,2000/05/21 0726
2000-06-04 22:00:00,2000/06/04 1502,2000-06-06 22:00:00,3,130 S,470.0,560.0,9.0,-35,403,2000/05/31 0806
2000-06-08 12:00:00,2000/06/08 0910,2000-06-10 17:00:00,2,260 S,610.0,770.0,11.0,-90,1007,2000/06/06 1554 H
2000-06-11 09:00:00,2000/06/11 0801,2000-06-11 18:00:00,2,40 S,510.0,530.0,11.0,-36,,
2000-06-13 12:00:00,2000/06/12 2208,2000-06-14 06:00:00,2,60,440.0,550.0,4.0,-37,,
2000-06-18 09:00:00,2000/06/18 0900,2000-06-18 17:00:00,3W,10,380.0,400.0,5.0,-12,,
2000-06-24 00:00:00,2000/06/23 1303,2000-06-26 08:00:00,1,120 S,500.0,590.0,10.0,-34,,
2000-06-26 10:00:00,2000/06/26 0000,2000-06-27 00:00:00,2,60,520.0,560.0,10.0,-76,,
2000-07-01 09:00:00,2000/07/01 0100,2000-07-03 17:00:00,2,20,390.0,440.0,7.0,-11,,
2000-07-11 02:00:00,2000/07/10 0638,2000-07-11 14:00:00,2,90 S,440.0,490.0,13.0,0,609,2000/07/07 1026 H
2000-07-11 22:00:00,2000/07/11 1123(A),2000-07-13 03:00:00,1,30 S,520.0,540.0,10.0,-26,,
2000-07-13 13:00:00,2000/07/13 0942,2000-07-14 15:00:00,3,200 S,610.0,670.0,7.0,-43,940,2000/07/11 1327 H
2000-07-14 17:00:00,2000/07/14 1532,2000-07-15 14:00:00,2,150 S,780.0,800.0,9.0,-57,,
2000-07-15 19:00:00,2000/07/15 1437,2000-07-17 08:00:00,2,350 S,740.0,1040.0,20.0,-301,1500,2000/07/14 1054 H
2000-07-20 01:00:00,2000/07/19 1527,2000-07-21 08:00:00,2,100 S,530.0,630.0,8.0,-93,,2000/07/17 0854?
2000-07-23 15:00:00,2000/07/23 1041,2000-07-26 05:00:00,3,20,360.0,430.0,9.0,-68,dg,dg
2000-07-27 02:00:00,2000/07/26 1857,2000-07-28 02:00:00,2,50 S,360.0,400.0,6.0,-42,490,2000/07/23 0530
2000-07-28 12:00:00,2000/07/28 0634,2000-07-30 13:00:00,2,70 S,440.0,480.0,9.0,-71,550,2000/07/25 0330 H
2000-08-10 19:00:00,2000/08/10 0501,2000-08-11 21:00:00,1,50 S,430.0,480.0,12.0,-106,530,2000/08/06 2230
2000-08-12 05:00:00,2000/08/11 1845,2000-08-13 22:00:00,1,120 S,580.0,670.0,18.0,-235,830,2000/08/09 1630 H
2000-09-02 22:00:00,2000/09/02 2200,2000-09-03 13:00:00,1,40,420.0,450.0,8.0,-20,418,2000/08/29 1830?
2000-09-08 12:00:00,2000/09/08 1200,2000-09-10 10:00:00,3,50,450.0,500.0,5.0,-48,530,2000/09/05 0554
2000-09-17 21:00:00,2000/09/17 1657(A),2000-09-21 00:00:00,2,250 S,600.0,840.0,10.0,-201,,2000/09/15/16 (p)
2000-10-03 10:00:00,2000/10/03 0054,2000-10-05 03:00:00,1,60 S,400.0,460.0,14.0,-143,,
2000-10-05 13:00:00,2000/10/05 0326,2000-10-07 11:00:00,2,110 S,450.0,530.0,6.0,-182,756,2000/10/02 2026 H
2000-10-13 16:00:00,2000/10/12 2228,2000-10-14 17:00:00,1,120 S,400.0,460.0,12.0,-107,590,2000/10/09 2350 H
2000-10-28 21:00:00,2000/10/28 0954,2000-10-29 22:00:00,1,50 S,380.0,420.0,14.0,-127,565,2000/10/25 0826 H
2000-11-06 17:00:00,2000/11/06 0948,2000-11-08 03:00:00,2,110 S,510.0,610.0,20.0,-159,660,2000/11/3 1826 H
2000-11-08 13:00:00,2000/11/08 1200,2000-11-09 15:00:00,2,50,440.0,500.0,7.0,-36,,
2000-11-11 08:00:00,2000/11/11 0400(A),2000-11-12 00:00:00,2,110 S,790.0,910.0,7.0,-37,1200,(2000/11/09 1615)
2000-11-27 08:00:00,2000/11/26 1158,2000-11-28 03:00:00,2,150 S,560.0,630.0,10.0,-80,,2000/11/24 (p)
2000-11-28 11:00:00,2000/11/28 0530,2000-11-29 22:00:00,2,50 S,540.0,580.0,9.0,-119,720,2000/11/25/26 (p)
2000-12-22 03:00:00,2000/12/21 1200,2000-12-22 20:00:00,3W,40,290.0,330.0,4.0,-1,,
2000-12-23 00:00:00,2000/12/22 1925,2000-12-23 12:00:00,3,50,320.0,330.0,12.0,-62,380,2000/12/18 1150 H
2001-01-24 09:00:00,2001/01/23 1048,2001-01-26 07:00:00,2,140 S,400.0,550.0,4.0,-61,680,2001/01/20 2130 H (p)
2001-03-04 04:00:00,2001/03/03 1121,2001-03-05 02:00:00,2,50 S,440.0,520.0,8.0,-73,610,2001/02/28 1450
2001-03-19 17:00:00,2001/03/19 1114,2001-03-22 00:00:00,1,100 S,360.0,490.0,15.0,-149,520,2001/03/16 0350
2001-03-27 20:00:00,2001/03/27 0110(A),2001-03-28 17:00:00,2,80 S,610.0,650.0,12.0,-87,,
2001-03-28 17:00:00,2001/03/27 1747,2001-03-30 18:00:00,3,200 S,480.0,560.0,3.0,-51,850,2001/03/25 1706 H
2001-03-31 05:00:00,2001/03/31 0052,2001-03-31 22:00:00,3,200 S,640.0,710.0,33.0,-387,690,2001/03/28 1250 H
2001-04-01 04:00:00,2001/03/31 2200,2001-04-03 15:00:00,2,200,600.0,820.0,5.0,,700,2001/03/29 1026 H
2001-04-04 18:00:00,2001/04/04 1455,2001-04-05 12:00:00,2,90 S,650.0,780.0,9.0,-50,1020,2001/04/02 2206
2001-04-08 14:00:00,2001/04/08 1101,2001-04-09 04:00:00,3,100 S,740.0,780.0,13.0,-59,1050,2001/04/06 1930 H
2001-04-11 22:00:00,2001/04/11 1343,2001-04-13 07:00:00,2,230 S,640.0,740.0,14.0,-271,1290,2001/04/10 0530 H
2001-04-13 09:00:00,2001/04/13 0734,2001-04-14 12:00:00,1,200 S,730.0,830.0,9.0,-77,990,2001/04/11 1331 H
2001-04-15 17:00:00,2001/04/15 1700,2001-04-16 01:00:00,2W,0,500.0,510.0,4.0,-36,,
2001-04-18 12:00:00,2001/04/18 0046,2001-04-20 11:00:00,2,140 S,430.0,520.0,8.0,-114,,
2001-04-21 23:00:00,2001/04/21 1601,2001-04-23 03:00:00,1,50 S,350.0,390.0,11.0,-102,,
2001-04-28 14:00:00,2001/04/28 0501,2001-05-01 02:00:00,2,400 S,550.0,730.0,8.0,-47,1040,2001/04/26 1230 H
2001-05-03 11:00:00,2001/05/03 1100,2001-05-04 10:00:00,2W,0,380.0,390.0,8.0,-2,,
2001-05-07 19:00:00,2001/05/07 0800,2001-05-08 07:00:00,2,30,360.0,410.0,8.0,-25,,
2001-05-09 12:00:00,2001/05/08 1101,2001-05-10 22:00:00,2,50 S,430.0,560.0,8.0,-76,,
2001-05-11 13:00:00,2001/05/11 1300,2001-05-12 00:00:00,2W,0,430.0,430.0,8.0,-48,,
2001-05-28 03:00:00,2001/05/27 1459,2001-05-31 14:00:00,2,100 S,420.0,590.0,7.0,-42,,
2001-06-07 18:00:00,2001/06/07 0852(A),2001-06-08 07:00:00,1,50 S,390.0,430.0,9.0,-8,,
2001-06-27 03:00:00,2001/06/27 0300,2001-06-28 17:00:00,1,20,420.0,490.0,3.0,-18,,
2001-07-09 02:00:00,2001/07/08 1200,2001-07-11 04:00:00,2,30,400.0,460.0,5.0,-38,520,2001/07/05 0354
2001-07-13 17:00:00,2001/07/13 1700,2001-07-14 01:00:00,2,20,400.0,420.0,8.0,-4,,
2001-08-03 11:00:00,2001/08/03 0716,2001-08-03 14:00:00,3,60 S,420.0,440.0,10.0,-13,,
2001-08-15 05:00:00,2001/08/15 0500,2001-08-16 14:00:00,3W,0,390.0,450.0,5.0,-16,,
2001-08-17 20:00:00,2001/08/17 1103,2001-08-19 16:00:00,2,150 S,500.0,600.0,11.0,-105,620,2001/08/14 1601 H
2001-08-30 17:00:00,2001/08/30 1411,2001-08-31 10:00:00,3W,50 S,420.0,500.0,6.0,-40,,
2001-09-01 13:00:00,2001/09/01 1300,2001-09-02 22:00:00,2,0,360.0,410.0,5.0,-17,,
2001-09-13 18:00:00,2001/09/13 0231(W),2001-09-14 22:00:00,2,30 S,410.0,440.0,10.0,-57,,
2001-09-24 00:00:00,2001/09/23 2000,2001-09-24 22:00:00,3W,30,440.0,530.0,7.0,-73,570,2001/09/20 1931
2001-09-25 06:00:00,2001/09/25 0000,2001-09-25 20:00:00,2,30,380.0,400.0,5.0,-24,,
2001-09-29 11:00:00,2001/09/29 0940,2001-10-01 00:00:00,2,180 S,560.0,700.0,12.0,-66,790,2001/09/27 0454?
2001-10-01 08:00:00,2001/09/30 1924,2001-10-02 00:00:00,2,80 S,490.0,550.0,9.0,-148,710,2001/09/28 0854 H
2001-10-02 04:00:00,2001/10/01 2115(S),2001-10-02 12:00:00,2,40,490.0,520.0,8.0,-104,715,2001/09/29 1154
2001-10-02 14:00:00,2001/10/02 1200,2001-10-03 16:00:00,2,30,500.0,530.0,12.0,-166,,
2001-10-04 14:00:00,2001/10/04 1400,2001-10-05 19:00:00,3,0,420.0,470.0,3.0,,,
2001-10-12 04:00:00,2001/10/11 1701,2001-10-12 09:00:00,2,180 S,560.0,570.0,22.0,-71,780,2001/10/09 1130 H
2001-10-21 20:00:00,2001/10/21 1648,2001-10-25 10:00:00,1,250 S,460.0,680.0,9.0,-187,870,2001/10/19 1650 H
2001-10-27 03:00:00,2001/10/26 2200,2001-10-28 12:00:00,3,20,420.0,500.0,10.0,-27,417,2001/10/22 1826
2001-10-29 22:00:00,2001/10/28 0319,2001-10-31 13:00:00,2,150 S,360.0,510.0,5.0,-157,694,2001/10/25 1526
2001-10-31 20:00:00,2001/10/31 1348,2001-11-02 12:00:00,2,60 S,330.0,390.0,11.0,-106,,
2001-11-05 19:00:00,2001/11/05 1000,2001-11-06 06:00:00,2,30,420.0,430.0,18.0,-73,,
2001-11-06 12:00:00,2001/11/06 0152,2001-11-09 03:00:00,2,300 S,600.0,750.0,7.0,-292,1250,2001/11/04 1635 H
2001-11-19 22:00:00,2001/11/19 1815,2001-11-21 13:00:00,3W,130 S,430.0,570.0,6.0,-47,680,2001/11/17 0530 H
2001-11-24 14:00:00,2001/11/24 0656,2001-11-25 20:00:00,2,550 S,720.0,1040.0,14.0,-221,1320,2001/11/22 2330 H
2001-12-28 00:00:00,2001/12/28 0000,2001-12-29 12:00:00,2,10,360.0,370.0,8.0,-10,,
2001-12-30 00:00:00,2001/12/29 0538,2001-12-30 18:00:00,3,90 S,400.0,460.0,16.0,-58,580,2001/12/26 0530?
2002-02-28 17:00:00,2002/02/28 0451,2002-03-02 00:00:00,2,80 S,390.0,410.0,11.0,-71,,
2002-03-19 05:00:00,2002/03/18 1322,2002-03-20 16:00:00,2,160 S,380.0,470.0,15.0,-37,667,2002/03/15 2306
2002-03-21 14:00:00,2002/03/20 1328,2002-03-22 06:00:00,3,210 S,440.0,580.0,8.0,-13,,
2002-03-24 12:00:00,2002/03/23 1137,2002-03-25 20:00:00,2,70 S,450.0,500.0,15.0,-100,625,2002/03/20 1706?
2002-04-12 01:00:00,2002/04/12 0100,2002-04-13 13:00:00,3W,0,420.0,450.0,8.0,-32,,
2002-04-17 16:00:00,2002/04/17 1107,2002-04-19 15:00:00,1,150 S,480.0,610.0,14.0,-127,750,2002/04/15 0350 H
2002-04-20 00:00:00,2002/04/19 0835,2002-04-21 18:00:00,1,200 S,500.0,640.0,8.0,-149,863,2002/04/17 0826 H
2002-05-11 15:00:00,2002/05/11 1014,2002-05-12 00:00:00,2,90 S,430.0,440.0,15.0,-110,610,2002/05/08 1350 H
2002-05-20 10:00:00,2002/05/20 0340,2002-05-21 22:00:00,3,70 S,420.0,510.0,7.0,-36,420,2002/05/16 0050 H
2002-05-23 20:00:00,2002/05/23 1050,2002-05-25 18:00:00,2,400 S,590.0,920.0,11.0,-109,1323,2002/05/22 0326 H
2002-07-18 12:00:00,2002/07/17 1603,2002-07-19 09:00:00,3,100 S,460.0,520.0,6.0,-17,955,2002/07/15 2030 H
2002-07-20 02:00:00,2002/07/19 1450(A),2002-07-22 06:00:00,2,650 S,650.0,930.0,7.0,-36,,
2002-07-31 22:00:00,2002/07/31 1100,2002-08-01 09:00:00,3,40,410.0,460.0,10.0,-21,,
2002-08-01 09:00:00,2002/08/01 0510,2002-08-01 23:00:00,2,70 S,450.0,460.0,12.0,-51,,
2002-08-02 06:00:00,2002/08/01 2309,2002-08-04 02:00:00,2,60 S,460.0,520.0,10.0,-102,500,2002/07/29 1207
2002-08-19 12:00:00,2002/08/18 1846,2002-08-21 14:00:00,2,160 S,460.0,580.0,8.0,-106,766,2002/08/16 1230 H
2002-08-29 21:00:00,2002/08/29 2100,2002-08-30 06:00:00,2W,0,400.0,420.0,8.0,-42,,
2002-09-07 12:00:00,2002/09/07 1200,2002-09-08 04:00:00,2,0,380.0,400.0,8.0,-41,,
2002-09-08 04:00:00,2002/09/07 1636,2002-09-08 20:00:00,2,170 S,470.0,550.0,11.0,-181,880,2002/09/05 1654 H
2002-09-08 22:00:00,2002/09/08 2000,2002-09-10 21:00:00,2,50,440.0,520.0,9.0,-82,,
2002-09-19 20:00:00,2002/09/19 0600,2002-09-20 21:00:00,2,80,520.0,750.0,5.0,-40,910,2002/09/17 0806
2002-09-30 20:00:00,2002/09/30 0815,2002-10-01 15:00:00,2,70 S,390.0,410.0,23.0,-176,,
2002-10-03 01:00:00,2002/10/02 2210(A),2002-10-04 18:00:00,2,80 S,430.0,520.0,11.0,-146,,
2002-11-17 10:00:00,2002/11/16 2305(A),2002-11-19 12:00:00,2,20 S,380.0,500.0,10.0,-52,,
2002-12-17 18:00:00,2002/12/17 1800,2002-12-19 12:00:00,2,0,380.0,430.0,14.0,-30,,
2002-12-21 03:00:00,2002/12/20 1700,2002-12-22 19:00:00,2,30,440.0,540.0,11.0,-75,,
2003-01-27 01:00:00,2003/01/26 0000,2003-01-28 14:00:00,2,60,500.0,720.0,9.0,-20,,
2003-02-01 19:00:00,2003/02/01 1305(A),2003-02-03 07:00:00,2,340 S,510.0,760.0,11.0,-72,820,2003/01/30 1006
2003-02-18 04:00:00,2003/02/17 2150(A),2003-02-19 16:00:00,1,70 S,600.0,700.0,8.0,-17,,
2003-03-20 12:00:00,2003/03/20 0440,2003-03-20 22:00:00,1,100 S,650.0,810.0,11.0,-64,,
2003-05-09 07:00:00,2003/05/09 0455(A),2003-05-11 00:00:00,2,100 S,680.0,900.0,8.0,-84,,
2003-05-29 13:00:00,2003/05/29 1224,2003-05-29 18:00:00,3,70 S,650.0,680.0,10.0,-49,,
2003-05-30 02:00:00,2003/05/29 1825(A),2003-05-30 16:00:00,3,120 S,600.0,760.0,20.0,-144,999,2003/05/28 0050 H
2003-05-30 22:00:00,2003/05/30 1600(A),2003-06-01 01:00:00,3,220 S,680.0,780.0,7.0,-63,1078,2003/05/29 0127 H
2003-06-15 20:00:00,2003/06/15 1500,2003-06-16 21:00:00,3,80,510.0,590.0,10.0,-68,dg,dg
2003-06-17 10:00:00,2003/06/16 1800,2003-06-18 08:00:00,3,80,480.0,540.0,10.0,-141,650,2003/06/14 0154
2003-07-23 14:00:00,2003/07/23 1400,2003-07-24 16:00:00,2,90,430.0,500.0,6.0,-26,,
2003-08-04 22:00:00,2003/08/04 1700,2003-08-06 02:00:00,2,0,440.0,500.0,9.0,-60,,
2003-08-16 02:00:00,2003/08/15 1200,2003-08-17 16:00:00,2,70,490.0,620.0,7.0,-11,,
2003-08-18 01:00:00,2003/08/17 1421,2003-08-19 15:00:00,1,80 S,450.0,530.0,18.0,-148,630,2003/08/14 2006 H?
2003-10-22 02:00:00,2003/10/21 2200,2003-10-24 15:00:00,2,100,520.0,740.0,9.0,-61,,
2003-10-24 21:00:00,2003/10/24 1524,2003-10-25 12:00:00,2,140 S,560.0,600.0,21.0,-36,760,2003/10/22 0830
2003-10-25 14:00:00,2003/10/25 1100,2003-10-26 04:00:00,3,40,490.0,610.0,13.0,-49,,(p)
2003-10-26 22:00:00,2003/10/26 1908,2003-10-28 00:00:00,2,90 S,470.0,540.0,10.0,-52,,
2003-10-28 02:30:00,2003/10/28 0206,2003-10-28 09:00:00,1,130 S,610.0,620.0,19.0,-32,1331,2003/10/26 1754
2003-10-29 11:00:00,2003/10/29 0611,2003-10-30 03:00:00,2,900 S,1300.0,1900.0,32.0,-353,2185,2003/10/28 1130 H
2003-10-31 02:00:00,2003/10/30 1619(A),2003-11-02 00:00:00,2,750 S,800.0,1700.0,9.0,-383,2138,2003/10/29 2054 H
2003-11-20 10:00:00,2003/11/20 0803,2003-11-21 08:00:00,2,240 S,580.0,700.0,28.0,-422,886,2003/11/18 0850 H
2004-01-10 06:00:00,2004/01/09 1500,2004-01-11 05:00:00,2,60,560.0,620.0,10.0,-45,,
2004-01-22 08:00:00,2004/01/22 0137,2004-01-23 17:00:00,2,200 S,560.0,680.0,12.0,-130,850,2004/01/20 0006 H
2004-01-23 23:00:00,2004/01/23 1425(A),2004-01-25 04:00:00,2,60 S,490.0,550.0,10.0,-81,720,2004/01/21 0454 H
2004-02-17 18:00:00,2004/02/17 1800,2004-02-18 16:00:00,2,0,440.0,460.0,8.0,-24,,
2004-04-03 14:00:00,2004/04/03 0900(A),2004-04-05 18:00:00,1,40 S,440.0,520.0,15.0,-117,560,dg (2004/03/31 1036)
2004-04-26 17:00:00,2004/04/26 1604,2004-04-27 20:00:00,2,50,460.0,500.0,6.0,0,dg,dg
2004-05-01 00:00:00,2004/04/30 1300,2004-05-01 12:00:00,2,40,430.0,450.0,9.0,-34,dg,dg
2004-05-01 15:00:00,2004/05/01 1200,2004-05-02 21:00:00,2,30,400.0,430.0,9.0,-13,dg,dg
2004-07-22 18:00:00,2004/07/22 1036,2004-07-24 08:00:00,2,90 S,560.0,670.0,11.0,-99,920,2004/07/20 1331 H
2004-07-24 14:00:00,2004/07/24 0613,2004-07-25 15:00:00,2,90 S,560.0,610.0,20.0,-136,890,2004/07/22 0731
2004-07-25 20:00:00,2004/07/25 1500,2004-07-26 22:00:00,2,110,640.0,680.0,6.0,,890,2004/07/23 1606 H
2004-07-27 02:00:00,2004/07/26 2249,2004-07-27 22:00:00,1,300 S,870.0,1000.0,16.0,-170,1302,2004/07/25 1454 H
2004-08-01 09:00:00,2004/08/01 0100,2004-08-02 04:00:00,3,40,440.0,520.0,6.0,-33,,
2004-08-29 19:00:00,2004/08/29 0909(W),2004-08-30 22:00:00,1,40 S,390.0,440.0,12.0,-129,,
2004-09-14 15:00:00,2004/09/13 2003,2004-09-16 12:00:00,3W,110 S,550.0,600.0,6.0,-38,960,2004/09/12 0036 H
2004-09-18 12:00:00,2004/09/17 2100,2004-09-20 00:00:00,3,20,400.0,500.0,6.0,-33,500,2004/09/14 1010 H
2004-11-07 22:00:00,2004/11/07 1827,2004-11-09 10:00:00,1,140 S,630.0,720.0,18.0,-374,720,2004/11/04 2330
2004-11-09 20:00:00,2004/11/09 1825(W),2004-11-11 23:00:00,1,170 S,640.0,810.0,14.0,-263,830,2004/11/07 1654 H
2004-11-12 08:00:00,2004/11/11 1710,2004-11-13 23:00:00,2,60,520.0,670.0,7.0,-92,1080,2004/11/10 0226 H
2004-12-12 22:00:00,2004/12/11 1340,2004-12-13 19:00:00,2,60,400.0,580.0,13.0,-56,640,2004/12/8 2026 H
2004-12-27 16:00:00,2004/12/27 0500,2004-12-29 02:00:00,3,80,440.0,560.0,7.0,-47,dg,dg
2005-01-07 15:00:00,2005/01/07 0922,2005-01-08 12:00:00,2,60,520.0,570.0,17.0,-93,550,(2005/01/04 0616 )
2005-01-08 21:00:00,2005/01/08 1700,2005-01-09 18:00:00,2,40,460.0,520.0,9.0,,570,2005/01/05 1530 H
2005-01-16 14:00:00,2005/01/16 1100,2005-01-17 07:00:00,3,80,520.0,580.0,8.0,-65,640,2005/01/13 1754 H
2005-01-18 23:00:00,2005/01/18 2100,2005-01-20 03:00:00,1,,800.0,960.0,12.0,-80,1170,2005/01/17 0930 H
2005-01-21 19:00:00,2005/01/21 1711,2005-01-22 17:00:00,2,340 S,810.0,960.0,19.0,-97,1210,2005/01/20 0654 H
2005-01-31 14:00:00,2005/01/31 0900,2005-02-02 09:00:00,2,120,560.0,660.0,8.0,-28,,
2005-02-18 14:00:00,2005/02/17 2200(S),2005-02-19 06:00:00,1,50,530.0,580.0,6.0,-80,,
2005-02-20 12:00:00,2005/02/20 1200,2005-02-22 07:00:00,3,0,410.0,440.0,5.0,-43,500,2005/02/17 0006 H
2005-02-22 14:00:00,2005/02/22 1000,2005-02-23 19:00:00,3,30,380.0,400.0,9.0,-2,,
2005-05-15 06:00:00,2005/05/15 0238,2005-05-19 00:00:00,2,400 S,630.0,950.0,15.0,-247,1270,2005/05/13 1712 H
2005-05-20 03:00:00,2005/05/20 0300,2005-05-22 02:00:00,2,30,430.0,480.0,10.0,-83,488,2005/05/16 1350
2005-05-29 03:00:00,2005/05/28 0436,2005-05-29 15:00:00,2,60 S,400.0,490.0,11.0,-33,,
2005-05-30 01:00:00,2005/05/29 0952,2005-05-30 23:00:00,2,130 S,460.0,540.0,15.0,-113,630,2005/05/26 1506 H
2005-05-31 04:00:00,2005/05/30 2300,2005-06-01 03:00:00,3,30,460.0,490.0,4.0,,430,2005/05/26 2126
2005-06-12 15:00:00,2005/06/12 0745,2005-06-13 13:00:00,2,80,480.0,510.0,14.0,-106,650,2005/06/09 1436
2005-06-15 05:00:00,2005/06/14 1835,2005-06-16 09:00:00,2,100 S,480.0,560.0,9.0,-34,,
2005-06-16 17:00:00,2005/06/16 0847,2005-06-17 19:00:00,3,230 S,600.0,680.0,7.0,-40,,
2005-07-10 10:00:00,2005/07/10 0337,2005-07-12 04:00:00,2,80 S,430.0,480.0,12.0,-92,720,2005/07/07 1706
2005-07-17 14:00:00,2005/07/17 0134,2005-07-18 23:00:00,2,50 S,420.0,500.0,8.0,-67,,
2005-08-09 00:00:00,2005/08/09 0000,2005-08-09 19:00:00,2,40,480.0,520.0,6.0,-23,477,2005/08/05 0854
2005-08-10 06:00:00,2005/08/10 0600,2005-08-10 11:00:00,2,20,440.0,460.0,8.0,-47,,
2005-08-24 00:00:00,2005/08/23 2000,2005-08-24 11:00:00,3,30,440.0,460.0,20.0,-2,,
2005-08-24 14:00:00,2005/08/24 0613,2005-08-24 23:00:00,3,100 S,660.0,710.0,20.0,-216,790,2005/08/22 0131H
2005-09-02 18:00:00,2005/09/02 1419,2005-09-03 04:00:00,2,110 S,650.0,680.0,10.0,-60,840,2005/08/31 1130
2005-09-11 05:00:00,2005/09/11 0114,2005-09-12 07:00:00,2,300 S,900.0,1100.0,10.0,-139,1423,2005/09/09 1948
2005-09-12 20:00:00,2005/09/12 0605(A),2005-09-13 13:00:00,2,230 S,750.0,980.0,7.0,-88,,
2005-09-13 16:00:00,2005/09/13 0900,2005-09-14 08:00:00,3,60,630.0,740.0,5.0,-86,,
2005-09-15 06:00:00,2005/09/15 0600,2005-09-16 18:00:00,3,0,680.0,860.0,7.0,-80,,
2005-09-20 18:00:00,2005/09/20 1800,2005-09-21 18:00:00,2W,0,350.0,390.0,6.0,-33,,
2005-10-31 02:00:00,2005/10/31 0200,2005-10-31 19:00:00,2,20,360.0,400.0,11.0,-74,,
2005-12-31 04:00:00,2005/12/31 0000,2006-01-01 17:00:00,2,30,480.0,580.0,8.0,-30,,
2006-02-05 20:00:00,2006/02/05 2000,2006-02-06 12:00:00,2,30,340.0,360.0,10.0,-22,,
2006-04-13 15:00:00,2006/04/13 1141(S),2006-04-14 07:00:00,2,120,520.0,550.0,18.0,-98,540,2006/04/10 0606?
2006-04-14 13:00:00,2006/04/14 1300,2006-04-14 21:00:00,2,20,500.0,540.0,9.0,,,
2006-07-10 21:00:00,2006/07/09 2136,2006-07-11 19:00:00,1,100 S,380.0,430.0,8.0,-27,488,2006/07/06 0854 H
2006-08-20 13:00:00,2006/08/19 1131,2006-08-21 16:00:00,2,90 S,400.0,470.0,8.0,-79,620,2006/08/16 1630 H
2006-08-30 20:00:00,2006/08/30 2000,2006-09-01 07:00:00,3,0,400.0,440.0,8.0,-35,440,2006/08/26 2057
2006-09-30 08:00:00,2006/09/30 0300,2006-09-30 20:00:00,3,90,400.0,440.0,15.0,-21,,
2006-11-01 17:00:00,2006/11/01 1700,2006-11-02 14:00:00,3W,0,380.0,410.0,5.0,-28,,
2006-11-18 10:00:00,2006/11/18 1000,2006-11-20 02:00:00,3W,30,400.0,430.0,9.0,-20,,
2006-11-29 05:00:00,2006/11/28 1300,2006-11-30 10:00:00,3,20,420.0,500.0,12.0,-66,,
2006-12-14 22:00:00,2006/12/14 1414,2006-12-15 13:00:00,1,320 S,740.0,900.0,13.0,-162,1180,2006/12/13 0254 H
2006-12-15 20:00:00,2006/12/15 2000,2006-12-16 19:00:00,2,90,620.0,650.0,3.0,,,
2006-12-17 00:00:00,2006/12/16 1755,2006-12-17 17:00:00,3,70 S,580.0,680.0,4.0,-56,980,2006/12/14 2230 H
2007-01-14 12:00:00,2007/01/14 1248,2007-01-15 07:00:00,1,60,360.0,380.0,12.0,-18,,
2007-11-19 23:00:00,2007/11/19 1811,2007-11-20 12:00:00,1,30,460.0,480.0,18.0,-59,437,2007/11/15 1806 H?
2008-09-17 04:00:00,2008/09/17 0000,2008-09-18 08:00:00,2,10,400.0,490.0,6.0,-20,,
2008-12-04 12:00:00,2008/12/04 0400,2008-12-05 11:00:00,3,40,390.0,510.0,7.0,-26,,
2008-12-17 03:00:00,2008/12/16 1159,2008-12-17 14:00:00,3,30,350.0,380.0,9.0,-15,350,2008/12/12 0854
,,,,,,,,,,
2009-01-19 02:00:00,2009/01/18 2100,2009-01-19 05:00:00,2,40,430.0,450.0,12.0,-6,,
2009-01-26 10:00:00,2009/01/25 2224,2009-01-26 15:00:00,3W,50,340.0,380.0,10.0,-29,,
2009-02-04 00:00:00,2009/02/03 2000,2009-02-04 16:00:00,2,40,360.0,380.0,10.0,-42,,
2009-06-04 02:00:00,2009/06/03 1600,2009-06-05 16:00:00,3W,20,310.0,330.0,5.0,-21,,
2009-06-27 16:00:00,2009/06/27 1400,2009-06-28 16:00:00,2,30,390.0,420.0,7.0,-5,320,2009/06/22 0415 W
2009-07-21 01:00:00,2009/07/20 1400,2009-07-22 04:00:00,2,20,330.0,350.0,8.0,-83,300,2009/07/15 0430 W
2009-09-30 06:00:00,2009/09/30 0100,2009-10-01 00:00:00,3,50,340.0,360.0,7.0,-7,380,2009/09/25 1200 W
2009-10-29 05:00:00,2009/10/29 0500,2009-10-29 23:00:00,3,20,370.0,390.0,11.0,0,,
2009-11-14 10:00:00,2009/11/13 2000,2009-11-15 00:00:00,2,20,310.0,330.0,7.0,-17,,
2009-12-12 20:00:00,2009/12/12 0651,2009-12-13 22:00:00,2,30,270.0,300.0,6.0,-2,280,2009 12/06 0230 W
2009-12-19 13:00:00,2009/12/19 1000,2009-12-20 17:00:00,3W,20,380.0,430.0,4.0,-2,536,2009/12/16 0430 H
,,,,,,,,,,
2010-01-01 22:00:00,2010/01/01 2200,2010-01-03 10:00:00,1,10,290.0,310.0,7.0,-4,,
2010-02-07 18:00:00,2010/02/07 1700,2010-02-08 22:00:00,1,20,370.0,410.0,9.0,-22,,
2010-02-11 08:00:00,2010/02/11 0000,2010-02-12 03:00:00,3,70,360.0,380.0,7.0,-7,450,2010/02/07 0354 H
2010-02-19 15:00:00,2010/02/19 1500,2010-02-20 18:00:00,2,0,440.0,500.0,6.0,-11,,
2010-02-21 00:00:00,2010/02/21 0000,2010-02-22 00:00:00,2,0,370.0,380.0,7.0,-6,,
2010-02-22 13:00:00,2010/02/22 1300,2010-02-22 22:00:00,2,10,360.0,370.0,7.0,-16,,
2010-04-05 12:00:00,2010/04/05 0826,2010-04-06 14:00:00,1,200,640.0,790.0,9.0,-81,910,2010/04/03 1033 HDW
2010-04-09 18:00:00,2010/04/09 1800,2010-04-10 16:00:00,3W,30,430.0,470.0,4.0,-31,,
2010-04-12 01:00:00,2010/04/11 1304,2010-04-12 15:00:00,1,60,410.0,460.0,11.0,-67,520,2010/04/08 0454
2010-04-30 06:00:00,2010/04/30 0600,2010-05-01 12:00:00,3,20,380.0,400.0,4.0,-13,,
2010-05-28 19:00:00,2010/05/28 0258,2010-05-29 17:00:00,2,60,360.0,390.0,14.0,-80,500,2010/05/24 1406
2010-06-21 06:00:00,2010/06/20 2000,2010-06-22 14:00:00,2,20,360.0,410.0,6.0,-11,380,2010 06/16 0635 W
2010-08-04 10:00:00,2010/08/03 1741,2010-08-05 00:00:00,2,140,530.0,590.0,9.0,-74,740,2010 08/01 0845 DW
2010-10-31 05:00:00,2010/10/30 1015,2010-11-01 21:00:00,3,30,340.0,380.0,9.0,-11,400,2010 10/26 0200 W
2010-12-28 03:00:00,2010/12/28 0300,2010-12-28 15:00:00,2,0,350.0,360.0,10.0,-43,,
2011-01-24 10:00:00,2011/01/24 0700,2011-01-25 12:00:00,2,30,350.0,400.0,7.0,-14,,
2011-02-04 13:00:00,2011/02/04 1300,2011-02-04 20:00:00,2,20,430.0,470.0,15.0,-63,,
2011-02-18 19:00:00,2011/02/18 0130,2011-02-20 08:00:00,2,130,470.0,600.0,10.0,-32,590,2011/02/15 0236 HDW
2011-03-06 09:00:00,2011/03/06 0331,2011-03-08 06:00:00,3,50,430.0,530.0,6.0,-27,600,2011/03/03 0548
2011-03-29 23:00:00,2011/03/29 1602,2011-03-31 04:00:00,2,50,360.0,390.0,12.0,-4,360,"2011 03/24, 1900 W"
2011-05-28 05:00:00,2011/05/28 0100,2011-05-28 21:00:00,1,60,510.0,540.0,11.0,-80,450,"2011 05/25, 0420 W"
2011-06-05 02:00:00,2011/06/04 2045,2011-06-05 19:00:00,1,120,510.0,560.0,12.0,-45,680,2011 06/02 0745 DW
2011-06-17 05:00:00,2011/06/17 0241,2011-06-17 13:00:00,2,80,500.0,550.0,9.0,-5,610,"2011 06/14, 0610 DW"
2011-07-06 17:00:00,2011/07/06 0258,2011-07-07 12:00:00,2,30,360.0,410.0,5.0,-28,,
2011-07-15 04:00:00,2011/07/14 1200,2011-07-16 15:00:00,2,40,410.0,530.0,4.0,-17,,
2011-08-05 05:00:00,2011/08/04 2153,2011-08-05 14:00:00,3,70,430.0,440.0,5.0,-15,670,2011/08/02 0636 HD
2011-08-06 22:00:00,2011/08/05 1751,2011-08-07 22:00:00,1,180,540.0,610.0,4.0,-115,1100,2011/08/04 0412 HD
2011-09-08 10:00:00,2011/09/08 1000,2011-09-09 12:00:00,2,0,320.0,340.0,2.0,-7,,
2011-09-10 03:00:00,2011/09/09 1242,2011-09-10 15:00:00,2,150,470.0,530.0,14.0,-75,680,2011/09/06 2305 D
2011-09-16 19:00:00,2011/09/16 1900,2011-09-17 05:00:00,2,10,390.0,420.0,4.0,-16,,
2011-09-17 14:00:00,2011/09/17 0343,2011-09-18 06:00:00,2,70,430.0,590.0,11.0,-72,540,2011/09/13 2210 DW
2011-09-18 12:00:00,2011/09/18 1000,2011-09-18 21:00:00,1,40,440.0,480.0,5.0,-30,,
2011-09-22 15:00:00,2011/09/22 0300,2011-09-23 03:00:00,3,20,390.0,420.0,5.0,-29,600,2011/09/19 0600 D
2011-09-26 20:00:00,2011/09/26 1234,2011-09-28 15:00:00,2,130,580.0,700.0,7.0,-118,870,2011/09/24 1248 D
2011-10-05 10:00:00,2011/10/05 0736,2011-10-05 22:00:00,2,90,450.0,460.0,12.0,-43,530,2011/10/02 0100 DW
2011-10-06 12:00:00,2011/10/06 1200,2011-10-06 23:00:00,1,10,370.0,380.0,11.0,-22,,
2011-10-07 02:00:00,2011/10/07 0247,2011-10-07 17:00:00,3,0,380.0,390.0,4.0,-33,,
2011-10-22 21:00:00,2011/10/22 2100,2011-10-23 16:00:00,3,0,290.0,310.0,6.0,-7,,
2011-10-24 22:00:00,2011/10/24 1831,2011-10-25 16:00:00,2,150,460.0,510.0,21.0,-147,630,2011/10/22 0005 W
2011-10-31 01:00:00,2011/10/30 1001,2011-10-31 15:00:00,3,30,410.0,420.0,6.0,-29,430,2011/10/26 1000 D
2011-11-02 01:00:00,2011/11/01 0907,2011-11-03 04:00:00,3,70,380.0,430.0,6.0,-66,350,2011/10/27 1200 H
2011-11-07 17:00:00,2011/11/07 1500,2011-11-07 23:00:00,2,20,330.0,350.0,10.0,-5,,
2011-11-13 10:00:00,2011/11/12 0559,2011-11-15 02:00:00,3,80,370.0,460.0,5.0,-13,650,2011/11/09 1330 D
2011-11-29 00:00:00,2011/11/28 2150,2011-11-29 08:00:00,3,100,450.0,510.0,15.0,-25,670,2011/11/26 0700 HD
2011-12-02 18:00:00,2011/12/02 1717,2011-12-03 07:00:00,3,0,400.0,420.0,7.0,-14,,
2011-12-25 02:00:00,2011/12/25 0200,2011-12-25 17:00:00,2,0,360.0,370.0,4.0,-7,,
2011-12-29 22:00:00,2011/12/29 2200,2011-12-30 09:00:00,3,0,400.0,420.0,7.0,-16,,2011/12/26?
,,,,,,,,,,
2012-01-21 06:00:00,2012/01/21 0501,2012-01-22 08:00:00,2,30,320.0,330.0,10.0,-10,650,2012/01/18 1224
2012-01-22 23:00:00,2012/01/22 0611,2012-01-23 07:00:00,3,50,450.0,460.0,9.0,-71,670,2012/01/19 1436 HD
2012-02-14 21:00:00,2012/02/14 0700,2012-02-16 06:00:00,3,40,370.0,400.0,9.0,-67,,
2012-02-16 14:00:00,2012/02/16 0700,2012-02-18 00:00:00,3,20,320.0,380.0,5.0,-22,,
2012-02-27 19:00:00,2012/02/26 2139,2012-02-28 16:00:00,3,80,440.0,490.0,13.0,-57,620,2012 02/24 0225 WD
2012-02-29 05:00:00,2012/02/29 0500,2012-03-01 00:00:00,3,20,440.0,450.0,7.0,-22,,
2012-03-02 21:00:00,2012/03/02 2100,2012-03-04 02:00:00,3,0,390.0,420.0,6.0,-50,,
2012-03-06 08:00:00,2012/03/06 0800,2012-03-06 15:00:00,3W,0,370.0,380.0,11.0,-23,680-920,"2012/03/03 1836, 2012/03/04 0500, 1100H D"
2012-03-09 03:00:00,2012/03/08 1103,2012-03-11 07:00:00,2,270,550.0,890.0,7.0,-145,1220,2012/03/07 0024 HD
2012-03-15 17:00:00,2012/03/15 1306,2012-03-16 10:00:00,3,170,680.0,760.0,9.0,-88,960,2012/03/13 1736 HD
2012-04-23 17:00:00,2012/04/23 0320,2012-04-24 05:00:00,1,60,370.0,390.0,13.0,-120,,
2012-04-26 00:00:00,2012/04/25 1700,2012-04-27 18:00:00,3,70,540.0,710.0,5.0,-57,,
2012-05-16 16:00:00,2012/05/16 1600,2012-05-17 22:00:00,2,0,370.0,390.0,10.0,-39,370,2012/05/12 0000 H
2012-06-08 10:00:00,2012/06/08 0700,2012-06-10 14:00:00,2,30,480.0,600.0,5.0,-12,,
2012-06-16 23:00:00,2012/06/16 2019,2012-06-17 12:00:00,1,80,440.0,510.0,28.0,-86,770,2012/06/14 1412 HWD
2012-07-05 00:00:00,2012/07/04 1900,2012-07-06 08:00:00,3,50,470.0,540.0,8.0,-19,730,2012/07/02 0836 H
2012-07-09 00:00:00,2012/07/08 0800,2012-07-09 14:00:00,2,20,410.0,450.0,12.0,-78,480,2012/07/04 1724 HD
2012-07-15 06:00:00,2012/07/14 1809,2012-07-17 05:00:00,1,220,490.0,670.0,16.0,-139,850,2012/07/12 1648 HD
2012-07-22 11:00:00,2012/07/21 1612,2012-07-23 16:00:00,3,50,460.0,520.0,5.0,-28,,
2012-09-01 07:00:00,2012/09/01 0600,2012-09-03 15:00:00,2,20,310.0,330.0,8.0,-69,,
2012-09-04 11:00:00,2012/09/03 1213,2012-09-05 02:00:00,2,120,430.0,440.0,9.0,-61,650,2012/08/31 2000 HD
2012-09-05 06:00:00,2012/09/04 2245,2012-09-05 18:00:00,2,40,500.0,540.0,10.0,-64,610,2012/09/02 0309 HD
2012-09-06 02:00:00,2012/09/06 0200,2012-09-06 15:00:00,1,0,420.0,420.0,10.0,-32,,
2012-09-30 14:00:00,2012/09/30 1131,2012-09-30 20:00:00,3,30,310.0,310.0,8.0,-39,700?,2012/09/28 0012 HD?
2012-10-01 00:00:00,2012/09/30 2305,2012-10-02 00:00:00,3,70,370.0,410.0,14.0,-122,590,2012/09/28 0000 H
2012-10-02 22:00:00,2012/10/02 2200,2012-10-03 06:00:00,3,0,320.0,320.0,6.0,-32,490,2012/09/29 0912 D
2012-10-08 18:00:00,2012/10/08 0516,2012-10-09 12:00:00,1,70,390.0,420.0,16.0,-107,560,2012/10/05 0248 D
2012-10-12 22:00:00,2012/10/12 1900,2012-10-13 10:00:00,2,40,490.0,530.0,11.0,-90,,
2012-11-01 00:00:00,2012/10/31 1538,2012-11-02 03:00:00,1,70,340.0,370.0,11.0,-65,440,2012/10/27 1624 HD
2012-11-09 03:00:00,2012/11/09 0300,2012-11-09 15:00:00,2,0,370.0,380.0,2.0,+1,,
2012-11-13 08:00:00,2012/11/12 2311,2012-11-14 03:00:00,1,50,380.0,460.0,21.0,-108,530,2012/11/09 1512 D
2012-11-24 12:00:00,2012/11/23 2152,2012-11-25 10:00:00,2,70,380.0,410.0,12.0,-40,770,2012/11/21 1600 HD
2012-11-26 12:00:00,2012/11/26 0512,2012-11-28 05:00:00,3,90,450.0,530.0,6.0,-8,660,2012/11/23 1336 HD
2012-11-28 18:00:00,2012/11/28 1800,2012-11-29 14:00:00,3,20,360.0,380.0,4.0,-1,,
2012-12-14 07:00:00,2012/12/14 0200,2012-12-14 17:00:00,3,30,330.0,330.0,7.0,+9,,
,"Disturbance Y/M/D (UT) (a) ICME Plasma/Field Start, End Y/M/D (UT) (b) Comp. Start, End (Hrs wrt. Plasma/ Field) (c) MC Start, End (Hrs wrt. Plasma/ Field) (d) BDE? (e) BIF? (f) Qual. (g) dV (km/s) (h) V_ICME (km/s) (i) V_max (km/s) (j) B (nT) (k) MC? (l) Dst (nT) (m) V_transit (km/s) (n) LASCO CME Y/M/D (UT) (o)",,,,,,,,,
2013-01-17 16:00:00,2013/01/17 1600,2013-01-18 12:00:00,2,0,390.0,400.0,12.0,-52,420,2013/01/13 0724 D
2013-01-19 00:00:00,2013/01/18 1237,2013-01-19 17:00:00,2,40,430.0,460.0,5.0,-25,,
2013-02-14 08:00:00,2013/02/13 1700,2013-02-16 14:00:00,3,20,360.0,400.0,4.0,-37,,
2013-02-17 10:00:00,2013/02/16 1209,2013-02-17 19:00:00,2,60,360.0,410.0,7.0,-40,,
2013-03-17 15:00:00,2013/03/17 0559,2013-03-19 16:00:00,1,230,520.0,720.0,9.0,-132,890,2013/03/15 0712 HD
2013-03-20 18:00:00,2013/03/20 1700,2013-03-20 22:00:00,3,110,520.0,640.0,9.0,-39,,
2013-04-14 17:00:00,2013/04/13 2254,2013-04-15 23:00:00,2,100,410.0,520.0,9.0,-6,660,2013/04/11 0724 HD
2013-04-30 12:00:00,2013/04/30 0949,2013-05-01 07:00:00,1,50,400.0,430.0,10.0,-47,,
2013-05-01 11:00:00,2013/05/01 0900,2013-05-01 18:00:00,2,30,430.0,460.0,10.0,-72,,
2013-05-25 23:00:00,2013/05/25 2000,2013-05-26 22:00:00,1,140,660.0,750.0,7.0,-47,,
2013-06-06 14:00:00,2013/06/06 0255,2013-06-08 00:00:00,1,30,430.0,510.0,11.0,-78,,
2013-06-08 10:00:00,2013/06/08 0600,2013-06-08 20:00:00,2,20,430.0,450.0,3.0,-20,,
2013-06-28 02:00:00,2013/06/27 1438,2013-06-29 12:00:00,1,70,390.0,450.0,10.0,-102,470,2013/06/23 2236
2013-07-05 01:00:00,2013/07/05 0100,2013-07-07 16:00:00,2,10,350.0,370.0,10.0,-87,540,2013/07/01 2024 D
2013-07-13 05:00:00,2013/07/12 1714,2013-07-15 00:00:00,1,60,430.0,500.0,13.0,-81,563,2013/07/09 1512 HD
2013-08-21 08:00:00,2013/08/20 2227,2013-08-21 14:00:00,3,30,460.0,470.0,7.0,-26,,
2013-08-23 20:00:00,2013/08/22 1926,2013-08-25 03:00:00,3,40,470.0,570.0,6.0,-40,700,2013/08/20 0812 HD
2013-08-25 03:00:00,2013/08/24 0003(S),2013-08-26 03:00:00,3,30,400.0,520.0,4.0,-29,620,2013/08/21 0512 D
2013-10-02 23:00:00,2013/10/02 0154,2013-10-03 22:00:00,1,220,470.0,630.0,7.0,-72,800,2013/09/29 2145 D
2013-10-09 09:00:00,2013/10/08 2020,2013-10-11 00:00:00,1,100,480.0,650.0,6.0,-69,780,2013/10/06 1443 HD
2013-11-08 22:00:00,2013/11/08 2200,2013-11-09 07:00:00,3,0,420.0,460.0,12.0,-80,,
2013-11-11 17:00:00,2013/11/11 1700,2013-11-12 03:00:00,2,0,460.0,480.0,7.0,-30,420-520,"2013/11/07 1512H, 2013/11/08 0609, 0824 D"
2013-12-01 11:00:00,2013/11/30 2000,2013-12-02 23:00:00,2,50,450.0,540.0,9.0,-22,,
2013-12-15 16:00:00,2013/12/15 1300,2013-12-16 05:00:00,2,30,460.0,500.0,7.0,-23,510,2013/12/12 0336 D
2013-12-25 05:00:00,2013/12/24 2100,2013-12-25 17:00:00,2,30,300.0,330.0,11.0,-35,,
,"Disturbance Y/M/D (UT) (a) ICME Plasma/Field Start, End Y/M/D (UT) (b) Comp. Start, End (Hrs wrt. Plasma/ Field) (c) MC Start, End (Hrs wrt. Plasma/ Field) (d) BDE? (e) BIF? (f) Qual. (g) dV (km/s) (h) V_ICME (km/s) (i) V_max (km/s) (j) B (nT) (k) MC? (l) Dst (nT) (m) V_transit (km/s) (n) LASCO CME Y/M/D (UT) (o)",,,,,,,,,
2014-02-06 03:00:00,2014/02/05 1400,2014-02-07 17:00:00,2,50,370.0,400.0,7.0,-31,,
2014-02-08 01:00:00,2014/02/07 1705,2014-02-09 12:00:00,2,110,420.0,460.0,9.0,-39,470,2014/02/04 0036 D
2014-02-11 12:00:00,2014/02/10 1800,2014-02-13 10:00:00,2,60,430.0,560.0,6.0,-24,,
2014-02-16 05:00:00,2014/02/15 1316,2014-02-16 16:00:00,2,100,380.0,450.0,15.0,-24,530,2014/02/12 0612 HD
2014-02-17 03:00:00,2014/02/17 0300,2014-02-17 16:00:00,3W,0,400.0,410.0,6.0,-27,,
2014-02-18 15:00:00,2014/02/18 0640,2014-02-19 07:00:00,2,60,400.0,410.0,8.0,-67,,
2014-02-19 12:00:00,2014/02/19 0348,2014-02-20 03:00:00,1,60,520.0,530.0,11.0,-119,,
2014-02-21 02:00:00,2014/02/20 0318,2014-02-22 12:00:00,2,180,490.0,690.0,6.0,-95,840,2014/02/18 0136 HD
2014-04-05 22:00:00,2014/04/05 1000,2014-04-07 05:00:00,2,40,380.0,500.0,13.0,-15,610,2014/04/02 1348 HD
2014-04-11 06:00:00,2014/04/11 0600,2014-04-12 20:00:00,3,10,350.0,380.0,5.0,-86,,
2014-04-18 19:00:00,2014/04/18 1900,2014-04-20 00:00:00,2,0,490.0,500.0,8.0,-19,,
2014-04-20 01:00:00,2014/04/19 1836,2014-04-20 12:00:00,2,30,510.0,530.0,5.0,-14,,
2014-04-21 07:00:00,2014/04/20 1056,2014-04-22 09:00:00,2,200,540.0,700.0,6.0,-32,920,2014/04/18 1325 HD
2014-04-29 20:00:00,2014/04/29 2000,2014-04-30 21:00:00,3,0,310.0,320.0,9.0,-67,,
2014-06-08 20:00:00,2014/06/07 1652,2014-06-10 17:00:00,2,60,480.0,610.0,9.0,-37,570,2014/06/04 1524 D
2014-08-19 16:00:00,2014/08/19 0657,2014-08-21 05:00:00,1,40,360.0,440.0,17.0,-28,500,2014/08/15 1812 HD
2014-09-12 22:00:00,2014/09/12 1553,2014-09-14 02:00:00,1,230,600.0,720.0,20.0,-88,920,2014/09/10 1800 H
2014-09-17 02:00:00,2014/09/17 0200,2014-09-18 20:00:00,2,0,310.0,320.0,9.0,-18,410,2014/09/12 1924 HD
2014-11-11 07:00:00,2014/11/10 0220,2014-11-11 20:00:00,3,50,480.0,520.0,9.0,-65,740,2014/11/07 1808 D
2014-12-22 04:00:00,2014/12/21 1911,2014-12-22 17:00:00,2,70,380.0,430.0,16.0,-71,380,2014/12/17 0500 H
,"Disturbance Y/M/D (UT) (a) ICME Plasma/Field Start, End Y/M/D (UT) (b) Comp. Start, End (Hrs wrt. Plasma/ Field) (c) MC Start, End (Hrs wrt. Plasma/ Field) (d) BDE? (e) BIF? (f) Qual. (g) dV (km/s) (h) V_ICME (km/s) (i) V_max (km/s) (j) B (nT) (k) MC? (l) Dst (nT) (m) V_transit (km/s) (n) LASCO CME Y/M/D (UT) (o)",,,,,,,,,
2015-01-02 15:00:00,2015/01/02 0717,2015-01-02 22:00:00,3,20,390.0,450.0,8.0,-49,,
2015-01-03 14:00:00,2015/01/03 1400,2015-01-04 16:00:00,2,10,430.0,460.0,9.0,-68,,
2015-01-07 07:00:00,2015/01/07 0616,2015-01-07 20:00:00,1,30,450.0,470.0,16.0,-107,420,2015/01/03 0312
2015-03-16 14:00:00,2015/03/16 1400,2015-03-16 23:00:00,3,30,420.0,440.0,11.0,+7,,
2015-03-17 13:00:00,2015/03/17 0445,2015-03-18 05:00:00,1,90,560.0,620.0,20.0,-234,840,2015/03/15 0236 HD
2015-03-22 02:00:00,2015/03/21 2054,2015-03-22 20:00:00,3,70,640.0,700.0,8.0,-56,,
2015-03-28 11:00:00,2015/03/28 0000,2015-03-29 11:00:00,2,10,390.0,420.0,13.0,-42,,
2015-03-29 19:00:00,2015/03/29 1500,2015-03-30 12:00:00,3,20,360.0,390.0,6.0,-40,,
2015-03-31 18:00:00,2015/03/31 0832,2015-04-01 10:00:00,2,40,400.0,420.0,13.0,-13,,
2015-04-09 11:00:00,2015/04/09 1011,2015-04-09 22:00:00,3,30,380.0,390.0,12.0,-9,500-660,"2015/04/05 2348 D, 2015/04/06 0600 D, 1936 D"
2015-04-10 13:00:00,2015/04/10 0000,2015-04-11 09:00:00,1,40,380.0,450.0,13.0,-85,,
2015-05-06 12:00:00,2015/05/06 0141,2015-05-07 21:00:00,1,80,420.0,470.0,13.0,-35,,
2015-05-07 21:00:00,2015/05/07 2100,2015-05-09 04:00:00,1,0,390.0,400.0,6.0,-15,320-340,"2015/05/02 0948 D, 2024 HD"
2015-05-10 12:00:00,2015/05/10 1200,2015-05-11 02:00:00,2,0,370.0,400.0,11.0,-57,,
2015-05-18 20:00:00,2015/05/18 1900,2015-05-19 02:00:00,3,40,460.0,480.0,16.0,-47,,
2015-06-23 02:00:00,2015/06/22 1833,2015-06-24 14:00:00,2,190,610.0,740.0,14.0,-198,1040,2015/06/21 0236 HD
2015-06-25 10:00:00,2015/06/24 1329,2015-06-26 06:00:00,2,170,550.0,720.0,5.0,-81,960,2015/06/22 1836 HD
2015-06-26 12:00:00,2015/06/26 0600,2015-06-27 02:00:00,3,50,490.0,560.0,5.0,-51,,
2015-07-13 06:00:00,2015/07/13 0138,2015-07-14 15:00:00,2,40,490.0,650.0,8.0,-68,580,2015/07/10 0224
2015-08-07 16:00:00,2015/08/07 0600,2015-08-08 14:00:00,2,10,510.0,560.0,9.0,-37,,
2015-08-15 21:00:00,2015/08/15 0829,2015-08-16 08:00:00,2,10,500.0,510.0,12.0,-98,640,2015/08/12 1512 D
2015-08-26 08:00:00,2015/08/26 0800,2015-08-28 10:00:00,2,20,370.0,420.0,11.0,-103,,
2015-09-08 00:00:00,2015/09/07 1400,2015-09-09 15:00:00,1,190,460.0,600.0,15.0,-105,620,2015/09/04 1924
2015-09-13 07:00:00,2015/09/13 0700,2015-09-13 18:00:00,3,10,460.0,480.0,5.0,-44,,&nbsp
2015-09-21 08:00:00,2015/09/20 0604,2015-09-22 01:00:00,2,120,510.0,600.0,5.0,-79,850,2015/09/18 0500 D
2015-10-25 14:00:00,2015/10/24 1854,2015-10-27 04:00:00,2,60,430.0,490.0,7.0,-16,650,2015/10/22 0312 HD
2015-11-04 15:00:00,2015/11/04 0355,2015-11-04 19:00:00,2,70,640.0,740.0,8.0,-56,,&nbsp
2015-11-07 06:00:00,2015/11/06 1818,2015-11-08 16:00:00,1,90,500.0,680.0,13.0,-87,810,2015/11/04 1448
2015-12-20 03:00:00,2015/12/19 1616,2015-12-21 20:00:00,1,110,400.0,490.0,15.0,-166,540,2015/12/16 0924 D
2015-12-31 17:00:00,2015/12/31 0050,2016-01-02 11:00:00,2,90,440.0,480.0,10.0,-116,690,2015/12/28 1212 D
,"Disturbance Y/M/D (UT) (a) ICME Plasma/Field Start, End Y/M/D (UT) (b) Comp. Start, End (Hrs wrt. Plasma/ Field) (c) MC Start, End (Hrs wrt. Plasma/ Field) (d) BDE? (e) BIF? (f) Qual. (g) dV (km/s) (h) V_ICME (km/s) (i) V_max (km/s) (j) B (nT) (k) MC? (l) Dst (nT) (m) V_transit (km/s) (n) LASCO CME Y/M/D (UT) (o)",,,,,,,,,
2016-01-19 10:00:00,2016/01/18 2157,2016-01-21 00:00:00,2,70,370.0,400.0,14.0,-93 P,440,2016/01/14 2324 H
2016-01-24 18:00:00,2016/01/24 1400,2016-01-26 18:00:00,2,30,410.0,490.0,5.0,-10 P,,
2016-03-05 19:00:00,2016/03/05 1000,2016-03-06 15:00:00,2,10,360.0,370.0,12.0,-4 P,,
2016-03-20 14:00:00,2016/03/20 0700,2016-03-21 04:00:00,3,20,400.0,430.0,7.0,-42 P,,
2016-04-14 09:00:00,2016/04/14 0735,2016-04-15 04:00:00,3,30,420.0,480.0,8.0,-59 P,460,2016/04/10 1112 D
2016-04-17 03:00:00,2016/04/17 0300,2016-04-18 08:00:00,3,0,400.0,440.0,5.0,-25 P,,
2016-07-20 07:00:00,2016/07/19 2305,2016-07-22 15:00:00,1,110,440.0,570.0,10.0,-23 P,710,2016/07/17 1248
2016-07-24 21:00:00,2016/07/24 1500,2016-07-25 16:00:00,1,50,430.0,450.0,7.0,-34 P,,
2016-07-25 22:00:00,2016/07/25 2200,2016-07-26 10:00:00,2,0,370.0,390.0,4.0,-10 P,,
2016-08-02 14:00:00,2016/08/02 1400,2016-08-03 03:00:00,2,10,420.0,460.0,20.0,-14 P,370,2016/07/28 2224 D
2016-10-13 06:00:00,2016/10/12 2212,2016-10-14 16:00:00,1,80,390.0,460.0,19.0,-104 P,430,2016/10/08 2109 HD
2016-11-04 18:00:00,2016/11/04 1800,2016-11-05 21:00:00,3W,0,350.0,360.0,4.0,-17 P,,
2016-11-10 00:00:00,2016/11/09 0604,2016-11-10 16:00:00,2,50,360.0,370.0,11.0,-59 P,430,2016/11/05 0424
,"Disturbance Y/M/D (UT) (a) ICME Plasma/Field Start, End Y/M/D (UT) (b) Comp. Start, End (Hrs wrt. Plasma/ Field) (c) MC Start, End (Hrs wrt. Plasma/ Field) (d) BDE? (e) BIF? (f) Qual. (g) dV (km/s) (h) V_ICME (km/s) (i) V_max (km/s) (j) B (nT) (k) MC? (l) Dst (nT) (m) V_transit (km/s) (n) LASCO CME Y/M/D (UT) (o)",,,,,,,,,
2017-04-04 04:00:00,2017/04/04 0100,2017-04-04 14:00:00,3,20,410.0,420.0,13.0,-44 P,,
2017-04-09 00:00:00,2017/04/09 0000,2017-04-10 08:00:00,3,0,470.0,520.0,7.0,-26 P,,
2017-04-14 00:00:00,2017/04/13 1500,2017-04-15 00:00:00,2,50,380.0,450.0,6.0,-25 P,,
2017-05-27 22:00:00,2017/05/27 1534,2017-05-29 14:00:00,1,80,360.0,390.0,16.0,-118 P,400,2017/05/23 0536
2017-07-16 15:00:00,2017/07/16 0559,2017-07-17 20:00:00,1,90,520.0,620.0,13.0,-72 P,810,2017/07/14 0125
2017-08-22 04:00:00,2017/08/21 2200,2017-08-23 18:00:00,3,50,500.0,620.0,5.0,-48 P,,
2017-09-07 20:00:00,2017/09/06 2347,2017-09-08 04:00:00,2,170,490.0,580.0,10.0,-2 P,820,2017/09/04 2036 HD
2017-09-08 11:00:00,2017/09/07 2302,2017-09-10 21:00:00,1,220,590.0,800.0,7.0,-122 P,1210,2017/09/06 1224 H
2017-12-25 00:00:00,2017/12/25 0000,2017-12-26 04:00:00,3W,0,480.0,550.0,7.0,-27 P,,
,"Disturbance Y/M/D (UT) (a) ICME Plasma/Field Start, End Y/M/D (UT) (b) Comp. Start, End (Hrs wrt. Plasma/ Field) (c) MC Start, End (Hrs wrt. Plasma/ Field) (d) BDE? (e) BIF? (f) Qual. (g) dV (km/s) (h) V_ICME (km/s) (i) V_max (km/s) (j) B (nT) (k) MC? (l) Dst (nT) (m) V_transit (km/s) (n) LASCO CME Y/M/D (UT) (o)",,,,,,,,,
2018-03-09 22:00:00,2018/03/09 1809,2018-03-11 00:00:00,1,80,410.0,450.0,14.0,-39 P,470,2018/03/06 0130 HD
2018-05-13 06:00:00,2018/05/13 0600,2018-05-13 14:00:00,3,0,430.0,440.0,10.0,-21 P,,
2018-06-06 11:00:00,2018/06/06 1100,2018-06-07 10:00:00,2,0,400.0,440.0,9.0,-25 P,,
2018-06-25 10:00:00,2018/06/25 0910,2018-06-26 05:00:00,2,0,420.0,430.0,7.0,-48 P,,
2018-06-30 20:00:00,2018/06/30 1300,2018-07-02 10:00:00,3,40,390.0,460.0,3.0,-10 P,,
2018-07-10 12:00:00,2018/07/10 1200,2018-07-11 11:00:00,2,0,330.0,360.0,9.0,0 P,,
2018-08-25 12:00:00,2018/08/25 0200,2018-08-26 12:00:00,2,30,410.0,440.0,16.0,-175 P,410,2018/08/20 2124 D
2018-09-23 04:00:00,2018/09/23 0400,2018-09-24 00:00:00,3,0,440.0,460.0,8.0,-28 P,,
,"Disturbance Y/M/D (UT) (a) ICME Plasma/Field Start, End Y/M/D (UT) (b) Comp. Start, End (Hrs wrt. Plasma/ Field) (c) MC Start, End (Hrs wrt. Plasma/ Field) (d) BDE? (e) BIF? (f) Qual. (g) dV (km/s) (h) V_ICME (km/s) (i) V_max (km/s) (j) B (nT) (k) MC? (l) Dst (nT) (m) V_transit (km/s) (n) LASCO CME Y/M/D (UT) (o)",,,,,,,,,
2019-05-07 22:00:00,2019/05/07 2200,2019-05-09 04:00:00,3,0,320.0,330.0,3.0,-2 P,,
2019-05-11 06:00:00,2019/05/10 1754,2019-05-13 07:00:00,2,40,350.0,380.0,8.0,-51 P,490,2019/05/07 0442 D
2019-05-14 06:00:00,2019/05/13 2326,2019-05-15 16:00:00,2,60,470.0,560.0,8.0,-65 P,,
2019-05-16 23:00:00,2019/05/16 2100,2019-05-18 08:00:00,3,30,450.0,480.0,6.0,-10 P,420,2019/05/12 1948 D?
2019-05-27 04:00:00,2019/05/26 2214,2019-05-28 00:00:00,1,60,350.0,370.0,10.0,-16 P,,
2019-10-29 20:00:00,2019/10/29 2000,2019-10-30 21:00:00,2,20,380.0,410.0,10.0,-19 P,380,2019/10/25 0554 D
2019-11-11 10:00:00,2019/11/11 0600,2019-11-12 12:00:00,3,60,360.0,380.0,12.0,-23 P,,
,"Disturbance Y/M/D (UT) (a) ICME Plasma/Field Start, End Y/M/D (UT) (b) Comp. Start, End (Hrs wrt. Plasma/ Field) (c) MC Start, End (Hrs wrt. Plasma/ Field) (d) BDE? (e) BIF? (f) Qual. (g) dV (km/s) (h) V_ICME (km/s) (i) V_max (km/s) (j) B (nT) (k) MC? (l) Dst (nT) (m) V_transit (km/s) (n) LASCO CME Y/M/D (UT) (o)",,,,,,,,,
2020-01-04 10:00:00,2020/01/04 1000,2020-01-05 06:00:00,2,0,370.0,400.0,8.0,-25 P,,
2020-04-20 09:00:00,2020/04/20 0231,2020-04-21 04:00:00,1,50,330.0,360.0,15.0,-59 P,330,2020/04/14 2154 D
2020-10-05 17:00:00,2020/10/05 0806,2020-10-06 14:00:00,2,20,350.0,370.0,10.0,-40 P,300,2020/09/29 1209 D?
2020-12-10 23:00:00,2020/12/10 0210,2020-12-13 04:00:00,2,110,440.0,570.0,5.0,-10 P,720,2020/12/07 1624 HD
,"Disturbance Y/M/D (UT) (a) ICME Plasma/Field Start, End Y/M/D (UT) (b) Comp. Start, End (Hrs wrt. Plasma/ Field) (c) MC Start, End (Hrs wrt. Plasma/ Field) (d) BDE? (e) BIF? (f) Qual. (g) dV (km/s) (h) V_ICME (km/s) (i) V_max (km/s) (j) B (nT) (k) MC? (l) Dst (nT) (m) V_transit (km/s) (n) LASCO CME Y/M/D (UT) (o)",,,,,,,,,
2021-02-23 08:00:00,2021/02/23 0200,2021-02-24 15:00:00,3W,40,510.0,590.0,5.0,-25 P,670,2021/02/20 1124 D
2021-05-12 15:00:00,2021/05/12 0637,2021-05-14 20:00:00,2,120,410.0,500.0,8.0,-61 P,620,2021/05/09 1200 D
2021-05-26 22:00:00,2021/05/26 1244,2021-05-29 05:00:00,3,40,410.0,430.0,9.0,-28 P,550-700,"2021/05/23 1012 D, 1148 D, 1724 D, 2021/05/24 0125 D"
2021-07-05 04:00:00,2021/07/05 0141,2021-07-06 02:00:00,2,20,340.0,350.0,7.0,-18 P,,
2021-08-27 12:00:00,2021/08/27 0114,2021-08-28 15:00:00,1,40,380.0,420.0,12.0,-82 P,460,2021/08/23 0636 HD
2021-09-27 00:00:00,2021/09/27 0000,2021-09-27 21:00:00,2,10,390.0,400.0,10.0,+7 P,370-530,"2021/09/22 0753 D,	2021/09/23 0548 D, 2021/09/23 1612 D"
2021-10-01 11:00:00,2021/10/01 1000,2021-10-02 13:00:00,2,20,480.0,560.0,11.0,-30 P,550,2021/09/28 0624 D
2021-10-12 16:00:00,2021/10/12 0226,2021-10-14 00:00:00,2,60,440.0,490.0,6.0,-65 P,620,2021/10/09 0712 HD
2021-11-04 07:00:00,2021/11/03 1942,2021-11-05 05:00:00,1,250,650.0,770.0,17.0,-105 P,630-1100,"2021/11/01 0200 D, 1824 D, 2124 D, 2021/11/02 0248 HD"
2021-11-28 10:00:00,2021/11/27 2251,2021-11-29 02:00:00,2,70,370.0,400.0,10.0,-12 P,510,2021/11/24 1426 D
,"Disturbance Y/M/D (UT) (a) ICME Plasma/Field Start, End Y/M/D (UT) (b) Comp. Start, End (Hrs wrt. Plasma/ Field) (c) MC Start, End (Hrs wrt. Plasma/ Field) (d) BDE? (e) BIF? (f) Qual. (g) dV (km/s) (h) V_ICME (km/s) (i) V_max (km/s) (j) B (nT) (k) MC? (l) Dst (nT) (m) V_transit (km/s) (n) LASCO CME Y/M/D (UT) (o)",,,,,,,,,
2022-01-19 05:00:00,2022/01/18 2340,2022-01-20 01:00:00,2,80,610.0,680.0,5.0,-44 Q,820,2022/01/16 2048 D
2022-02-02 16:00:00,2022/02/01 2220,2022-02-03 11:00:00,2,110,460.0,500.0,14.0,-66 Q,590,2022/01/29 2336	HD
2022-02-04 03:00:00,2022/02/03 2341,2022-02-04 20:00:00,2,40,510.0,570.0,10.0,-61 Q,,
2022-02-10 13:00:00,2022/02/09 2100,2022-02-11 18:00:00,1,30,400.0,430.0,13.0,-60 Q,530-540,"2022/02/06 1400 D, 1600 D"
2022-03-13 21:00:00,2022/03/13 1047,2022-03-15 19:00:00,2,190,410.0,540.0,15.0,-85 Q,500-660,"2022/03/09 2348 D, 0200 D, 1848 HD"
2022-03-31 12:00:00,2022/03/31 0224,2022-04-01 12:00:00,1,60,490.0,600.0,20.0,-19 Q,670-770,"2022/03/28 1200 HD, 2024 HD"
2022-04-07 13:00:00,2022/04/06 2318,2022-04-08 22:00:00,3,40,380.0,430.0,8.0,-26 Q,530,2022/04/03 1648 D
2022-04-13 02:00:00,2022/04/12 1122,2022-04-13 22:00:00,2,60,460.0,510.0,11.0,-25 Q,560,2022/04/09 0912 D
2022-04-14 13:00:00,2022/04/14 0900,2022-04-15 02:00:00,2,20,520.0,550.0,18.0,-81 Q,550,2022/04/11 0600 D
2022-07-07 12:00:00,2022/07/07 0900,2022-07-08 08:00:00,1,30,380.0,400.0,19.0,-81 Q,410,2022/07/03 0309 D
2022-07-08 11:00:00,2022/07/08 0200,2022-07-08 19:00:00,2,20,400.0,410.0,10.0,-37 Q,600,2022/07/05 0424 D
2022-07-09 14:00:00,2022/07/09 1200,2022-07-10 12:00:00,3,0,370.0,380.0,5.0,-18 Q,,
2022-07-19 05:00:00,2022/07/18 2200,2022-07-20 11:00:00,1,100,440.0,490.0,10.0,-61 Q,530,2022/07/15 1523 D
2022-08-20 08:00:00,2022/08/19 1732,2022-08-20 18:00:00,3,50,490.0,700.0,5.0,-38 Q,560,2022/08/16 1524 D
2022-08-31 03:00:00,2022/08/30 1925,2022-08-31 20:00:00,3,20,520.0,580.0,7.0,-8 Q,,
2022-09-12 07:00:00,2022/09/12 0700,2022-09-12 21:00:00,3,0,380.0,400.0,6.0,-19 Q,,
